case_id,raw_components,kept_prompts,gt_prompts,gt_voxels
10344_1000350,6,3,0,0
11453_1001477,5,2,0,0
10801_1000817,5,2,0,0
10946_1000965,12,3,0,0
10701_1000717,20,7,1,539
10380_1000386,4,1,1,4083
10678_1000694,8,2,0,0
11096_1001119,20,8,0,0
10869_1000885,16,7,0,0
10476_1000484,10,3,0,0
10776_1000792,9,3,0,0
10058_1000058,6,3,0,0
10751_1000767,12,3,0,0
11025_1001045,12,4,0,0
10010_1000010,16,5,0,0
10602_1000616,13,6,0,0
10972_1000991,12,5,0,0
11181_1001204,8,3,1,3183
10330_1000336,12,3,0,0
10148_1000150,4,1,1,39709
10413_1000420,4,1,0,0
10351_1000357,7,2,0,0
10592_1000606,14,5,0,0
11133_1001156,16,4,2,2394
11406_1001430,9,3,0,0
11437_1001461,12,4,2,1243
10193_1000197,8,2,0,0
11019_1001039,11,4,0,0
11360_1001383,8,3,0,0
10133_1000135,15,7,0,0
11206_1001229,22,8,0,0
10355_1000361,10,4,1,1698
10993_1001012,5,2,1,912
11003_1001022,13,6,0,0
10279_1000284,25,7,0,0
11197_1001220,16,5,0,0
10600_1000614,4,1,0,0
10951_1000970,4,1,0,0
10994_1001013,20,6,0,0
10687_1000703,8,2,0,576
10684_1000700,4,1,1,5391
10163_1000166,8,2,0,0
10424_1000432,5,2,1,10617
10417_1000424,9,3,0,0
10055_1000055,10,2,0,0
11464_1001488,10,5,0,0
10699_1000715,8,2,1,3384
11339_1001362,8,2,0,0
10937_1000956,13,5,0,0
11199_1001222,8,2,0,0
11135_1001158,9,3,0,0
10928_1000945,16,5,0,0
10398_1000404,4,1,1,5679
10581_1000595,8,2,0,0
10848_1000864,13,6,0,0
10873_1000889,8,2,1,7923
10953_1000972,4,1,1,1347
10154_1000157,4,1,0,0
10842_1000858,4,1,1,18795
11031_1001051,12,4,0,0
10792_1000808,16,7,0,0
11405_1001429,10,4,0,0
10383_1000389,4,1,1,4464
10986_1001005,8,2,0,0
10642_1000658,7,3,0,0
10782_1000798,14,5,0,0
10332_1000338,7,3,0,0
11260_1001283,16,6,2,2997
10520_1000530,16,5,1,714
10593_1000607,6,2,0,0
10659_1000675,4,2,0,0
10008_1000008,9,3,1,327
11469_1001493,16,4,0,0
10691_1000707,11,4,0,0
11418_1001442,12,3,0,0
10535_1000545,28,8,0,0
11012_1001032,4,1,0,0
10178_1000181,15,7,0,0
10438_1000446,12,6,0,0
10603_1000617,10,5,0,0
11449_1001473,21,8,0,0
10047_1000047,30,8,0,0
11286_1001309,14,7,0,0
11470_1001494,13,4,0,0
11215_1001238,11,4,0,0
10814_1000830,5,2,0,0
10750_1000766,8,2,0,0
10401_1000407,10,3,0,0
10780_1000796,20,6,0,0
10733_1000749,19,8,0,0
10754_1000770,5,2,1,2791
10565_1000577,6,3,1,439
11395_1001419,9,3,0,0
10709_1000725,12,3,0,0
10901_1000917,9,5,2,930
10623_1000637,15,8,0,0
10459_1000467,9,3,1,1319
10541_1000552,6,2,0,0
10153_1000156,19,8,0,0
10240_1000244,5,2,0,0
10112_1000112,9,3,1,348
11246_1001269,10,4,0,0
10987_1001006,24,8,0,0
11098_1001121,12,4,0,0
10924_1000941,9,3,0,0
10518_1000528,20,6,0,0
10387_1000393,17,7,0,0
10957_1000976,8,2,1,447
10289_1000295,5,2,1,1041
11338_1001361,8,2,1,1098
10891_1000907,4,1,0,0
11397_1001421,24,7,1,605
10074_1000074,4,1,1,5592
11292_1001315,15,6,0,0
10029_1000029,22,8,1,114
10186_1000189,8,3,0,0
11340_1001363,34,8,0,0
10510_1000519,16,8,1,212
10135_1000137,4,1,1,3469
10392_1000398,8,3,1,1005
10775_1000791,13,4,2,519
10397_1000403,8,2,1,857
10073_1000073,16,6,0,0
10583_1000597,4,2,0,0
10636_1000652,9,3,1,253
11035_1001055,8,2,0,0
10612_1000626,7,3,0,0
11296_1001319,9,3,1,114
10326_1000332,21,8,0,0
11391_1001415,22,8,0,0
10395_1000401,8,3,0,0
11252_1001275,13,6,0,0
10258_1000262,16,4,0,0
11113_1001136,16,5,0,0
11209_1001232,26,8,0,0
11452_1001476,7,3,0,0
10412_1000419,23,8,0,0
10756_1000772,10,3,0,0
10929_1000946,11,4,0,0
11210_1001233,23,8,0,0
11112_1001135,13,4,0,0
10667_1000683,7,4,0,0
10226_1000230,15,8,0,0
10486_1000494,18,6,1,285
11091_1001114,14,5,0,0
10094_1000094,8,2,1,403
11056_1001077,13,6,0,0
10229_1000233,17,6,1,2841
10393_1000399,6,2,1,729
11352_1001375,9,3,1,44220
10505_1000514,13,5,0,0
10159_1000162,14,8,0,0
11032_1001052,8,2,1,2795
10599_1000613,15,5,0,0
10097_1000097,4,1,1,4941
11310_1001333,18,8,0,0
10360_1000366,8,2,0,0
10208_1000212,8,2,0,0
11232_1001255,12,6,0,0
11191_1001214,12,4,0,0
11005_1001025,4,1,0,0
10828_1000844,13,4,0,0
11463_1001487,10,4,0,0
11378_1001401,16,7,0,0
11295_1001318,8,2,0,0
11245_1001268,9,3,1,2338
11050_1001070,43,8,1,939
11102_1001125,12,5,1,1068
11356_1001379,14,5,0,0
11350_1001373,10,4,1,1602
10856_1000872,13,6,1,2391
10646_1000662,11,4,0,0
10783_1000799,12,7,0,0
10191_1000194,9,3,0,0
10374_1000380,9,4,0,0
10597_1000611,12,5,0,0
10385_1000391,16,7,0,0
10087_1000087,8,5,0,0
11017_1001037,6,2,0,0
10313_1000319,15,7,0,0
10669_1000685,22,8,0,0
11362_1001385,8,2,0,0
11293_1001316,12,5,0,0
11037_1001057,4,1,1,11248
10104_1000104,15,7,0,204
10144_1000146,11,6,0,0
11375_1001398,4,1,1,1866
10370_1000376,13,6,0,0
10550_1000562,9,4,1,162
10460_1000468,21,7,0,0
10003_1000003,16,4,0,0
10217_1000221,23,8,0,0
10868_1000884,15,7,0,111
11161_1001184,9,3,0,0
10375_1000381,12,5,2,952
10693_1000709,4,1,1,8702
10069_1000069,17,7,0,0
10726_1000742,9,3,1,1836
10629_1000643,16,6,0,0
10494_1000503,4,1,1,5985
11087_1001109,16,6,0,0
10063_1000063,8,2,0,0
10793_1000809,13,5,0,0
10474_1000482,12,6,0,0
10414_1000421,4,1,0,0
11403_1001427,16,7,0,0
11291_1001314,13,4,0,0
10299_1000305,4,1,0,0
11157_1001180,8,2,1,3219
10712_1000728,12,7,0,0
10721_1000737,5,2,1,699
10176_1000179,11,5,0,0
11163_1001186,4,1,1,2004
10264_1000268,30,8,0,0
10311_1000317,16,6,0,0
10784_1000800,12,4,0,0
10722_1000738,11,4,0,0
11435_1001459,27,8,0,0
10673_1000689,7,2,0,0
10708_1000724,17,6,0,0
11241_1001264,7,3,0,0
11170_1001193,4,1,0,0
10794_1000810,13,7,0,0
10813_1000829,4,1,0,0
10816_1000832,18,8,0,0
10787_1000803,11,6,0,0
10183_1000186,12,4,0,0
11324_1001347,8,2,0,0
10531_1000541,13,5,0,0
11225_1001248,4,1,1,2997
11311_1001334,7,3,0,0
10723_1000739,51,8,0,0
11332_1001355,12,3,1,152
10545_1000556,13,4,1,1548
10683_1000699,8,2,0,0
10147_1000149,12,8,0,0
11303_1001326,18,7,0,0
10817_1000833,21,6,0,0
10382_1000388,61,8,0,0
10215_1000219,7,4,0,0
10053_1000053,9,3,1,372
11409_1001433,10,5,0,0
10508_1000517,12,3,1,356
11116_1001139,15,6,0,0
11279_1001302,19,5,0,0
10039_1000039,10,5,0,0
10980_1000999,20,7,0,0
11213_1001236,8,2,0,0
10824_1000840,9,3,0,0
10484_1000492,11,4,1,1176
10089_1000089,8,3,0,0
11308_1001331,15,6,0,0
11172_1001195,34,8,0,0
10773_1000789,12,6,1,483
10361_1000367,10,5,0,0
11051_1001071,6,2,1,675
10273_1000278,8,2,1,2833
10075_1000075,17,6,0,0
11177_1001200,9,3,1,1785
11074_1001096,16,5,2,831
10214_1000218,12,4,1,684
10259_1000263,12,4,0,0
10829_1000845,24,8,0,0
10515_1000525,12,3,1,360
11202_1001225,10,7,0,0
11309_1001332,12,4,0,0
11027_1001047,16,4,0,0
10563_1000575,19,6,0,0
10428_1000436,16,6,0,0
10321_1000327,12,5,0,0
10390_1000396,15,6,1,1860
10377_1000383,8,2,1,357
11084_1001106,8,2,0,0
11086_1001108,4,1,1,2382
10193_1000196,12,4,0,0
10968_1000987,8,2,1,3033
10425_1000433,9,3,0,0
10947_1000966,8,4,0,0
10499_1000508,6,2,1,412
11138_1001161,12,4,0,0
10072_1000072,5,2,0,0
11106_1001129,9,3,0,0
10663_1000679,11,5,0,0
10664_1000680,6,3,0,0
10246_1000250,16,4,0,0
11282_1001305,4,1,0,0
11344_1001367,19,8,0,0
11078_1001100,11,4,0,0
10211_1000215,4,1,1,2268
10710_1000726,4,1,1,3984
10725_1000741,9,4,0,0
11345_1001368,12,6,1,1203
11077_1001099,11,4,0,0
10850_1000866,9,3,0,0
10098_1000098,13,5,0,0
11422_1001446,21,8,0,0
10488_1000496,20,8,0,0
11307_1001330,4,1,0,0
10132_1000134,8,3,1,1431
10152_1000154,13,5,0,0
10888_1000904,14,7,2,633
11407_1001431,12,5,0,0
10798_1000814,9,4,1,23901
10235_1000239,4,1,1,1092
11137_1001160,14,6,1,249
10819_1000835,8,2,0,0
10202_1000206,8,4,0,681
10088_1000088,12,3,0,0
10368_1000374,4,1,1,2181
10644_1000660,9,3,2,971
10085_1000085,13,4,1,2235
11107_1001130,8,3,0,0
10271_1000275,4,1,1,3087
10116_1000116,13,4,0,0
10170_1000173,14,5,1,72
10077_1000077,15,5,0,0
11333_1001356,4,1,1,22890
11377_1001400,4,1,1,1356
10337_1000343,13,4,0,0
10966_1000985,16,8,0,0
10451_1000459,8,4,1,153
11004_1001023,8,2,0,0
10081_1000081,17,6,0,0
10309_1000315,21,7,0,0
11313_1001336,4,1,1,15640
10249_1000253,12,6,0,0
10115_1000115,13,7,0,0
10372_1000378,6,3,1,918
10006_1000006,10,4,0,0
11268_1001291,11,5,0,0
10639_1000655,15,8,0,0
10956_1000975,4,1,1,34476
10580_1000594,24,8,0,0
11341_1001364,8,2,1,11262
10748_1000764,11,5,0,0
10076_1000076,8,2,0,0
10634_1000650,4,1,1,3040
11374_1001397,8,3,0,0
10184_1000187,16,7,0,0
11121_1001144,21,6,0,0
10615_1000629,22,8,0,0
11254_1001277,8,3,0,0
10835_1000851,17,6,0,0
10870_1000886,18,5,0,0
10633_1000648,12,3,0,0
11040_1001060,11,3,0,0
10138_1000140,11,3,0,0
11250_1001273,8,3,0,0
10471_1000479,21,8,2,868
10095_1000095,4,1,0,0
11326_1001349,8,3,0,0
11358_1001381,9,4,0,0
10415_1000422,10,3,0,0
10251_1000255,27,8,0,0
11004_1001024,16,8,0,0
11473_1001497,5,2,0,0
10860_1000876,12,4,0,0
10263_1000267,13,4,0,0
10616_1000630,12,5,0,0
11235_1001258,16,5,0,0
10445_1000453,8,2,0,0
10652_1000668,16,6,1,165
10844_1000860,26,8,0,0
10607_1000621,17,8,1,540
10992_1001011,13,4,0,0
10062_1000062,24,8,0,0
10196_1000200,11,6,0,0
10129_1000129,14,5,0,0
10897_1000913,24,7,0,0
10013_1000013,11,3,0,111
10034_1000034,7,3,0,0
11130_1001153,5,2,1,1191
10788_1000804,13,4,0,0
11325_1001348,5,2,1,10173
10923_1000940,19,8,0,0
10294_1000300,19,7,1,180
10989_1001008,9,3,0,0
10864_1000880,8,4,0,0
10399_1000405,14,5,1,525
10411_1000418,8,4,0,0
11104_1001127,11,4,0,0
11283_1001306,8,3,1,3982
10454_1000462,14,6,0,0
10572_1000584,4,1,0,0
10354_1000360,9,3,1,1999
10561_1000573,12,4,0,0
10544_1000555,25,8,0,0
10881_1000897,12,3,0,0
11243_1001266,9,6,3,541
10589_1000603,9,3,1,1569
11195_1001218,16,5,0,0
10432_1000440,4,1,0,0
11456_1001480,5,2,1,651
10852_1000868,16,4,1,762
10463_1000471,4,1,1,1620
10899_1000915,12,4,0,0
11144_1001167,22,8,0,0
11180_1001203,32,8,0,0
11122_1001145,4,1,1,4350
10032_1000032,8,2,1,4215
11312_1001335,13,7,0,0
11118_1001141,34,8,0,0
10232_1000236,16,4,1,447
11089_1001112,13,5,0,0
10357_1000363,20,7,0,0
10333_1000339,10,5,0,0
10435_1000443,14,5,0,0
11054_1001074,14,6,0,0
11372_1001395,12,3,0,0
10650_1000666,19,7,0,0
11063_1001085,4,1,1,930
11095_1001118,14,5,1,1438
11064_1001086,23,8,0,0
10103_1000103,8,3,1,1083
10902_1000918,4,1,0,0
10312_1000318,16,6,1,1479
11120_1001143,6,3,0,0
10936_1000954,14,8,0,0
10367_1000373,9,3,0,0
10012_1000012,10,4,1,1062
10936_1000955,6,3,0,0
10521_1000531,16,5,0,0
11263_1001286,11,3,0,0
10404_1000411,14,5,0,0
10887_1000903,9,3,0,0
10025_1000025,8,2,0,0
11318_1001341,12,4,0,0
11446_1001470,4,1,1,1221
10948_1000967,4,1,1,2115
11115_1001138,4,1,1,14862
10779_1000795,9,4,0,0
10318_1000324,16,6,1,277
10580_1000593,15,7,0,0
10480_1000488,5,2,0,0
10719_1000735,7,3,0,0
10173_1000176,8,2,0,0
10904_1000920,4,1,1,10416
10878_1000894,14,5,0,0
10131_1000132,12,3,0,0
10059_1000059,4,1,1,8376
10896_1000912,8,2,0,0
11230_1001253,19,5,0,0
10281_1000286,7,3,0,0
11059_1001081,27,8,0,0
11427_1001451,4,1,0,0
10944_1000963,7,4,0,0
10181_1000184,14,5,0,0
11141_1001164,7,2,0,0
11327_1001350,7,3,0,0
10542_1000553,5,2,0,0
11080_1001102,13,6,1,807
10772_1000788,12,4,1,78
11022_1001042,32,8,0,0
10126_1000126,8,4,0,0
10386_1000392,9,4,0,0
11400_1001424,4,1,1,784
11219_1001242,16,7,0,0
11125_1001148,12,5,0,0
10625_1000639,9,3,0,0
10478_1000486,4,1,0,0
10308_1000314,21,8,0,0
11205_1001228,5,2,0,0
10532_1000542,4,1,0,0
11072_1001094,4,1,1,450
10204_1000208,9,3,0,0
10404_1000410,9,3,0,0
10448_1000456,10,3,0,0
10765_1000781,4,1,0,0
11124_1001147,15,6,0,0
11146_1001169,16,6,1,558
10526_1000536,14,6,1,621
10681_1000697,16,8,0,0
10976_1000995,11,5,1,1344
10209_1000213,12,4,1,236
10742_1000758,12,4,1,843
11169_1001192,16,8,1,882
10922_1000939,4,1,0,0
10233_1000237,4,1,1,24955
10449_1000457,11,5,0,0
11127_1001150,4,1,0,0
10164_1000167,5,2,1,411
10917_1000934,9,4,0,0
10768_1000784,5,2,1,1053
10672_1000688,12,3,0,0
11462_1001486,12,3,1,246
10618_1000632,9,3,0,0
10470_1000478,8,2,0,0
10698_1000714,8,3,0,0
11434_1001458,18,6,0,0
10442_1000450,4,1,1,3255
10162_1000165,9,3,0,0
10042_1000042,17,8,0,0
10757_1000773,8,3,0,0
11142_1001165,17,7,0,0
10156_1000159,11,5,0,0
10665_1000681,5,2,1,2430
10732_1000748,25,7,0,0
11140_1001163,8,2,0,0
11071_1001093,14,5,0,0
11129_1001152,16,7,0,0
10056_1000056,8,2,0,0
10609_1000623,14,5,0,0
10568_1000580,4,1,1,2640
10530_1000540,16,7,0,0
10362_1000368,8,2,0,0
10500_1000509,13,4,0,0
10305_1000311,15,5,0,0
10439_1000447,12,5,0,0
11249_1001272,8,3,0,0
10638_1000654,4,1,1,8547
11183_1001206,16,6,0,0
10212_1000216,9,3,1,761
10905_1000922,8,4,0,0
10329_1000335,16,4,1,2541
11055_1001076,17,7,1,1086
10009_1000009,9,4,0,0
10171_1000174,16,6,1,267
10548_1000560,9,4,1,423
10373_1000379,4,1,0,0
11103_1001126,5,2,0,0
11044_1001064,18,8,0,0
10083_1000083,13,5,0,0
10785_1000801,4,1,0,0
11139_1001162,12,6,0,0
11190_1001213,11,5,1,1812
10151_1000153,11,3,0,0
10101_1000101,16,4,0,0
10807_1000823,12,4,1,1659
10328_1000334,4,1,0,0
10918_1000935,8,2,0,0
11046_1001066,11,5,0,0
10091_1000091,16,5,0,0
10218_1000222,12,4,0,0
10431_1000439,13,5,1,1845
11010_1001030,8,2,0,0
10281_1000287,10,5,0,0
10566_1000578,23,7,0,0
11348_1001371,13,4,0,0
11457_1001481,13,6,0,0
10265_1000269,19,8,0,0
10213_1000217,8,2,0,0
10434_1000442,4,1,1,1977
10430_1000438,16,5,0,0
11097_1001120,12,4,0,0
10127_1000127,12,4,0,0
10338_1000344,13,6,1,606
10735_1000751,16,8,0,0
10477_1000485,4,2,0,0
10472_1000480,5,2,0,0
11233_1001256,17,6,0,0
10261_1000265,12,8,0,0
10272_1000276,12,3,0,0
11165_1001188,4,1,1,2595
11459_1001483,24,8,0,0
11194_1001217,8,2,1,3027
10958_1000977,12,3,0,0
10731_1000747,4,1,0,0
11147_1001170,13,5,0,0
11389_1001413,7,3,0,0
10898_1000914,5,2,0,0
10000_1000000,11,4,0,0
10781_1000797,11,4,1,537
10658_1000674,12,5,2,2022
11030_1001050,4,1,0,0
10627_1000641,10,7,0,0
10482_1000490,11,4,0,753
11145_1001168,8,3,0,0
10943_1000962,7,3,1,1158
10724_1000740,4,1,0,0
11015_1001035,4,1,0,0
10350_1000356,4,1,1,1491
10358_1000364,5,2,1,1650
10979_1000998,12,3,0,0
10225_1000229,14,6,2,354
10540_1000550,8,2,0,0
10427_1000435,9,3,0,0
10548_1000559,6,3,0,0
10236_1000240,4,1,1,7020
10495_1000504,11,4,0,0
11267_1001290,4,1,0,0
11416_1001440,4,1,0,0
10453_1000461,4,1,0,0
10895_1000911,11,3,1,609
10248_1000252,13,5,0,0
10268_1000272,8,2,2,2949
10567_1000579,11,4,1,393
11229_1001252,11,5,1,486
11474_1001498,11,5,0,0
10461_1000469,23,7,0,0
11171_1001194,21,6,0,0
10803_1000819,4,1,0,0
10145_1000147,11,4,0,0
10738_1000754,8,3,0,0
10130_1000131,13,5,0,0
10797_1000813,6,2,1,1713
10340_1000346,4,1,1,1548
10051_1000051,26,8,0,0
11370_1001393,4,1,0,0
10554_1000566,8,2,2,1950
10849_1000865,12,3,0,0
10962_1000981,8,2,0,0
10222_1000226,8,3,0,0
10963_1000982,8,2,0,0
10560_1000572,16,5,1,1070
11454_1001478,21,8,0,0
10614_1000628,4,1,0,0
10965_1000984,4,1,1,10527
11000_1001019,9,3,0,0
10833_1000849,14,5,1,876
11306_1001329,8,2,1,609
10582_1000596,15,6,0,0
10941_1000960,8,2,0,0
10810_1000826,17,6,1,281
11417_1001441,13,5,0,0
10921_1000938,8,4,1,378
10961_1000980,17,8,1,294
10851_1000867,5,2,0,0
10513_1000523,4,1,0,0
10936_1000953,10,5,0,0
11156_1001179,11,4,0,0
10718_1000734,4,1,1,1248
10128_1000128,9,3,0,0
10446_1000454,9,4,0,0
11201_1001224,34,8,0,0
11433_1001457,4,1,0,0
10302_1000308,14,6,0,0
11444_1001468,10,4,1,246
11450_1001474,5,2,1,609
11347_1001370,15,6,0,0
11023_1001043,23,8,0,0
10071_1000071,14,6,0,0
10668_1000684,6,3,1,1857
10046_1000046,4,1,0,0
11176_1001199,8,4,0,0
10044_1000044,9,3,1,594
10418_1000426,20,8,1,3840
10391_1000397,13,4,0,0
11458_1001482,35,8,0,0
10300_1000306,13,5,0,0
10932_1000949,2,2,0,129
10653_1000669,6,3,0,0
11029_1001049,20,8,0,0
11211_1001234,22,8,0,0
10197_1000201,12,3,0,0
10871_1000887,16,6,0,0
10142_1000144,16,4,0,0
11383_1001406,4,4,0,0
10629_1000644,8,4,0,0
10611_1000625,4,1,1,23991
11208_1001231,5,2,1,3744
10865_1000881,8,2,1,1164
10283_1000289,38,8,1,624
10141_1000143,4,1,0,0
11203_1001226,18,7,0,0
11398_1001422,14,5,0,0
11342_1001365,11,5,0,0
10688_1000704,11,4,3,1272
10026_1000026,5,2,0,0
10317_1000323,14,6,0,0
10861_1000877,21,6,0,0
10913_1000930,9,5,0,0
10078_1000078,8,3,1,270
11128_1001151,8,2,0,0
10137_1000139,9,6,0,0
10573_1000585,12,5,0,0
10001_1000001,12,3,0,0
10837_1000853,8,2,1,1623
10675_1000691,4,1,0,0
10911_1000928,5,2,1,1923
10131_1000133,16,7,0,0
11099_1001122,5,2,0,0
10522_1000532,5,2,2,40539
10316_1000322,14,4,0,0
11429_1001453,13,4,0,0
11237_1001260,16,6,0,0
10122_1000122,14,7,0,0
11281_1001304,14,5,0,0
11305_1001328,4,1,1,715
11182_1001205,14,7,0,0
10670_1000686,5,2,1,4449
10657_1000673,11,5,0,0
10857_1000873,16,4,1,144
10686_1000702,4,1,1,14142
10859_1000875,8,3,0,0
11302_1001325,8,2,1,57061
10540_1000551,4,1,1,22251
11315_1001338,11,4,0,0
10736_1000752,8,2,0,0
10971_1000990,17,7,0,0
10676_1000692,5,2,0,0
10292_1000298,17,7,0,0
10999_1001018,15,5,0,0
10189_1000192,8,2,0,0
11290_1001313,17,5,0,0
11070_1001092,10,4,0,0
10970_1000989,8,2,1,1821
10409_1000416,20,7,0,0
11329_1001352,11,6,0,0
10419_1000427,16,5,0,0
10879_1000895,17,6,0,0
10323_1000329,13,4,0,0
10804_1000820,8,2,1,3921
11092_1001115,22,8,0,0
10806_1000822,17,6,1,699
10584_1000598,9,4,1,2232
10808_1000824,8,2,1,780
10490_1000499,8,3,1,1071
11240_1001263,6,3,1,768
11390_1001414,12,4,0,0
10469_1000477,5,2,0,0
10630_1000645,4,1,1,28761
10546_1000557,8,2,0,0
10325_1000331,12,5,0,0
10649_1000665,11,4,0,0
10557_1000569,16,5,0,0
10586_1000600,8,2,0,0
10841_1000857,4,1,0,0
10631_1000646,16,4,2,1647
10791_1000807,11,4,0,0
10099_1000099,24,8,0,0
10635_1000651,6,2,0,114
11294_1001317,10,3,0,0
11189_1001212,8,3,0,0
11297_1001320,41,8,0,0
11361_1001384,4,1,1,4063
10335_1000341,7,2,0,0
10468_1000476,17,6,0,0
11369_1001392,6,3,1,2463
11364_1001387,25,8,0,0
10481_1000489,8,4,1,7062
10598_1000612,10,4,0,0
10347_1000353,10,3,0,0
10160_1000163,23,8,0,0
11002_1001021,4,1,1,6969
10758_1000774,12,4,1,2231
11393_1001417,19,7,0,0
11001_1001020,16,6,0,0
11461_1001485,21,8,0,0
11153_1001176,4,1,0,0
11151_1001174,13,4,0,0
10441_1000449,19,8,0,0
10107_1000107,5,2,1,900
10310_1000316,23,8,0,0
10809_1000825,14,5,0,0
10190_1000193,4,1,0,0
10348_1000354,5,4,0,0
10366_1000372,10,4,0,0
11054_1001075,15,8,1,4303
10766_1000782,6,4,0,0
10752_1000768,12,4,0,0
11346_1001369,16,8,4,7106
10120_1000120,19,8,0,0
11193_1001216,12,5,0,0
11136_1001159,17,8,0,0
10769_1000785,21,8,0,0
10304_1000310,8,2,1,354
10884_1000900,23,8,0,0
10096_1000096,12,6,0,0
10533_1000543,4,1,0,0
10933_1000950,9,3,0,0
11379_1001402,11,4,0,0
11186_1001209,4,1,1,16143
10369_1000375,23,7,2,805
11408_1001432,11,5,0,0
10697_1000713,15,7,0,0
11131_1001154,4,1,0,0
11274_1001297,8,2,1,20985
10285_1000291,16,6,0,0
10641_1000657,5,2,1,1272
11119_1001142,21,8,0,0
10875_1000891,9,4,1,318
10490_1000498,13,6,0,0
11204_1001227,9,3,0,0
11388_1001412,12,4,0,0
10203_1000207,8,2,0,0
10558_1000570,16,6,0,468
10352_1000358,4,1,0,0
10100_1000100,6,2,1,525
11014_1001034,25,8,0,0
10811_1000827,13,4,1,719
10516_1000526,12,4,0,0
10519_1000529,15,6,1,252
10465_1000473,8,2,2,3612
10242_1000246,19,7,0,0
11321_1001344,30,8,0,0
10027_1000027,12,4,0,0
11261_1001284,9,3,0,0
10061_1000061,20,8,0,0
10180_1000183,21,8,0,0
10346_1000352,10,4,0,0
10298_1000304,12,5,0,0
10517_1000527,4,1,1,317
10220_1000224,10,4,1,186
10796_1000812,13,8,0,0
10577_1000590,8,2,1,3785
11052_1001072,8,3,0,0
10569_1000581,17,8,0,0
11382_1001405,4,1,1,6315
10746_1000762,10,4,0,0
10695_1000711,19,8,0,0
10702_1000718,8,4,0,0
10195_1000199,13,5,0,0
11451_1001475,8,2,1,670
10525_1000535,8,2,0,0
10920_1000937,7,3,2,849
10537_1000547,13,8,1,1146
10740_1000756,8,3,0,0
10447_1000455,16,4,0,0
10711_1000727,12,4,0,0
11401_1001425,5,2,0,0
10172_1000175,24,8,0,0
11185_1001208,12,7,3,981
11024_1001044,19,6,0,0
11222_1001245,17,7,0,0
10030_1000030,14,7,0,0
10376_1000382,8,2,1,3644
10408_1000415,9,3,1,160
11402_1001426,16,4,0,0
10028_1000028,8,3,0,0
10822_1000838,4,1,0,0
11304_1001327,10,3,0,0
10863_1000879,8,3,0,0
10282_1000288,4,1,1,2145
10556_1000568,19,6,0,0
11088_1001111,13,6,0,0
10931_1000948,15,7,0,0
11026_1001046,8,2,0,0
11155_1001178,9,4,2,2061
11105_1001128,6,2,0,0
10086_1000086,8,2,0,0
10416_1000423,14,7,0,0
11160_1001183,7,3,0,0
10634_1000649,4,1,0,0
11100_1001123,4,1,1,24186
11039_1001059,4,1,1,35877
10060_1000060,14,5,0,0
10405_1000412,8,2,1,1008
10632_1000647,20,7,0,0
10125_1000125,17,6,0,0
10831_1000847,4,1,0,0
11371_1001394,12,4,0,0
10734_1000750,10,3,0,0
11083_1001105,9,5,1,630
11289_1001312,5,2,0,0
11455_1001479,12,3,0,0
11048_1001068,12,4,0,0
10576_1000588,13,5,0,0
11158_1001181,28,8,0,0
10536_1000546,13,6,0,0
10988_1001007,14,4,0,0
10244_1000248,15,3,0,0
11328_1001351,16,4,0,0
10498_1000507,11,5,2,1969
10199_1000203,11,6,0,0
10146_1000148,24,8,0,0
10713_1000729,16,5,0,0
10743_1000759,11,5,1,1602
11287_1001310,4,1,0,0
10995_1001014,10,3,1,350
11244_1001267,6,5,0,0
10250_1000254,23,8,0,0
10040_1000040,4,1,1,1836
10230_1000234,17,6,0,0
10110_1000110,8,2,1,1362
10883_1000899,19,5,1,642
10267_1000271,8,5,0,0
10830_1000846,20,7,0,0
10363_1000369,14,5,0,0
11275_1001298,17,6,0,0
10939_1000958,16,7,0,0
11363_1001386,13,6,0,0
10068_1000068,5,2,0,0
11331_1001354,13,4,0,0
10845_1000861,7,3,1,1293
10587_1000601,16,7,0,0
11383_1001407,13,5,0,0
11188_1001211,16,5,1,831
11168_1001191,8,3,0,185
10501_1000510,12,4,2,3917
11006_1001026,13,5,0,0
10082_1000082,8,2,0,0
10952_1000971,9,3,0,0
10353_1000359,10,4,0,0
10167_1000170,10,4,0,0
10504_1000513,11,3,0,0
10737_1000753,21,7,0,0
10339_1000345,11,4,1,2376
10945_1000964,14,6,0,0
11430_1001454,11,5,0,0
10450_1000458,4,1,0,0
10187_1000190,9,3,0,0
10706_1000722,9,4,0,0
11117_1001140,8,3,1,723
10342_1000348,4,1,1,2994
10576_1000589,12,6,0,0
10703_1000719,13,4,0,0
10277_1000282,5,2,0,0
11109_1001132,10,3,0,0
10198_1000202,12,3,0,0
10647_1000663,9,3,0,0
10496_1000505,4,1,1,40370
10423_1000431,6,3,0,0
10574_1000586,16,7,0,0
10149_1000151,16,7,0,0
11159_1001182,10,7,0,0
11404_1001428,31,8,0,0
11111_1001134,25,8,1,826
10622_1000636,4,1,1,32934
11045_1001065,10,4,1,1656
10456_1000464,12,5,1,180
10905_1000921,7,2,0,0
10617_1000631,7,3,0,0
11082_1001104,5,2,0,0
10121_1000121,4,1,1,4194
10739_1000755,8,2,1,2196
10892_1000908,13,8,0,0
10661_1000677,5,2,1,210
10420_1000428,19,8,0,0
10458_1000466,8,3,1,1034
10315_1000321,5,2,0,0
10266_1000270,18,8,0,0
11087_1001110,15,5,0,0
10048_1000048,5,2,1,1377
10023_1000023,16,8,0,0
10789_1000805,9,3,0,0
11394_1001418,14,6,0,0
11073_1001095,9,4,0,0
11218_1001241,32,8,0,0
10704_1000720,4,1,0,0
10974_1000993,15,6,0,0
10876_1000892,11,4,0,0
10547_1000558,5,2,1,70941
11410_1001434,20,8,0,0
10007_1000007,14,6,0,0
11094_1001117,29,8,0,0
10771_1000787,8,2,0,0
11062_1001084,8,2,0,0
11227_1001250,18,7,0,0
10889_1000905,12,3,1,303
10417_1000425,8,2,0,0
10637_1000653,11,7,2,438
11192_1001215,16,8,0,0
10967_1000986,9,5,0,0
10767_1000783,12,3,0,0
10136_1000138,14,5,0,0
10219_1000223,15,5,0,0
10903_1000919,6,2,1,625
11126_1001149,12,4,0,0
10991_1001010,11,4,1,1011
11423_1001447,4,1,1,4647
11214_1001237,5,2,0,0
11380_1001403,8,3,0,0
10553_1000565,10,5,0,0
10744_1000760,22,7,0,0
11236_1001259,4,1,1,1770
10245_1000249,10,3,0,0
10919_1000936,12,7,0,0
10255_1000259,16,8,0,0
10457_1000465,16,6,0,0
10011_1000011,8,3,0,0
11262_1001285,11,5,0,0
10820_1000836,28,8,0,0
10284_1000290,16,5,0,0
10378_1000384,23,8,0,0
11277_1001300,17,7,0,0
10866_1000882,8,2,0,0
11090_1001113,9,3,0,0
10960_1000979,5,2,0,0
11414_1001438,9,4,0,0
10914_1000931,4,1,0,0
10690_1000706,17,8,2,314
11365_1001388,9,3,0,0
11392_1001416,4,1,0,0
10349_1000355,5,2,0,0
10620_1000634,16,5,1,717
10927_1000944,12,4,0,0
10538_1000548,11,6,0,0
10320_1000326,7,3,0,0
11007_1001027,16,5,0,0
11276_1001299,27,8,0,0
10153_1000155,7,3,0,0
11424_1001448,21,7,0,0
10815_1000831,8,2,0,0
10940_1000959,20,8,0,0
10327_1000333,14,6,0,0
10093_1000093,16,6,0,0
10912_1000929,21,6,0,0
10455_1000463,19,7,0,0
11316_1001339,11,6,0,0
11058_1001079,7,3,0,0
11152_1001175,7,3,1,567
10628_1000642,4,1,0,0
10604_1000618,6,3,1,933
10578_1000591,12,3,0,0
10689_1000705,32,8,0,0
10890_1000906,21,8,1,172
11373_1001396,9,3,1,318
10464_1000472,29,8,1,1649
10679_1000695,8,2,1,690
11443_1001467,12,5,0,0
11436_1001460,12,5,0,0
10331_1000337,8,2,0,0
10862_1000878,6,3,1,3587
10049_1000049,19,8,0,0
10855_1000871,9,3,0,0
10778_1000794,15,5,0,0
11221_1001244,12,3,0,0
11069_1001091,12,4,0,0
10123_1000123,13,5,0,0
10613_1000627,10,4,0,0
10066_1000066,17,5,0,0
10610_1000624,9,3,0,0
10024_1000024,12,4,0,0
10497_1000506,13,5,1,249
10287_1000293,16,5,0,0
10169_1000172,12,6,0,0
11253_1001276,8,2,1,1350
11322_1001345,8,2,1,648
10717_1000733,12,6,1,1074
10908_1000925,10,5,0,0
10885_1000901,5,2,1,1260
10964_1000983,13,5,1,1503
11299_1001322,13,5,4,2352
10985_1001004,4,1,1,1266
10543_1000554,11,4,0,0
10694_1000710,9,3,0,0
10799_1000815,16,6,2,85
10590_1000604,8,2,0,0
10467_1000475,14,5,0,0
10016_1000016,13,4,0,0
11412_1001436,13,4,0,0
11085_1001107,8,2,0,0
11011_1001031,10,4,0,0
10930_1000947,5,2,0,0
10549_1000561,4,1,1,3006
10825_1000841,12,3,1,4569
11238_1001261,14,6,0,0
10747_1000763,4,1,0,0
10257_1000261,6,3,0,213
10117_1000117,24,8,1,1665
10064_1000064,17,6,0,0
10341_1000347,10,4,0,0
10640_1000656,11,4,0,0
10729_1000745,12,4,0,0
11353_1001376,34,8,0,0
11059_1001080,19,8,0,0
10079_1000079,8,2,1,1272
11376_1001399,18,6,0,0
11132_1001155,4,3,0,0
10403_1000409,8,2,0,0
11196_1001219,14,4,0,0
10444_1000452,20,6,0,0
11016_1001036,11,4,0,0
10716_1000732,18,8,0,0
10019_1000019,16,5,0,96
10031_1000031,16,5,0,0
10978_1000997,13,5,0,0
10161_1000164,16,5,0,0
10821_1000837,13,4,0,0
10506_1000515,5,2,0,0
10981_1001000,16,4,0,0
11057_1001078,6,2,0,0
10714_1000730,8,4,0,0
10288_1000294,16,7,0,0
10254_1000258,9,4,0,0
11264_1001287,7,4,0,0
11359_1001382,18,7,0,0
10839_1000855,12,6,1,411
10512_1000521,12,5,0,0
11148_1001171,12,3,0,0
10437_1000445,4,1,0,0
10877_1000893,20,6,0,0
10168_1000171,15,8,1,2061
11300_1001323,12,4,1,1632
10057_1000057,12,6,0,0
10043_1000043,4,1,1,10443
10359_1000365,12,3,0,0
11043_1001063,12,4,1,3063
10990_1001009,5,2,0,0
10624_1000638,16,5,0,0
10874_1000890,8,2,0,0
10033_1000033,4,1,0,0
11351_1001374,7,5,0,0
10674_1000690,6,3,0,0
10827_1000843,7,4,1,3982
11460_1001484,12,5,0,0
10608_1000622,15,8,0,0
10241_1000245,16,6,1,657
10201_1000205,7,3,0,0
10440_1000448,19,7,0,0
10720_1000736,12,3,0,0
10090_1000090,18,7,0,0
10192_1000195,22,8,0,0
11431_1001455,12,3,0,0
10273_1000277,10,3,0,0
10998_1001017,10,5,0,0
10741_1000757,22,8,0,0
11198_1001221,8,2,0,252
11173_1001196,15,7,1,429
11285_1001308,14,5,1,680
11049_1001069,13,8,1,369
11018_1001038,4,1,0,0
11421_1001445,8,2,0,0
10715_1000731,19,8,0,0
10119_1000119,12,4,0,0
10452_1000460,20,8,0,0
11426_1001450,13,4,1,408
10054_1000054,11,6,0,0
10345_1000351,43,8,0,0
10365_1000371,14,4,1,265
11167_1001190,12,4,0,0
11228_1001251,27,8,0,0
11447_1001471,8,2,1,2754
11224_1001247,14,6,0,0
11335_1001358,8,2,0,0
10210_1000214,8,2,0,0
10052_1000052,6,2,0,0
10491_1000500,9,3,0,0
10984_1001003,19,6,0,0
10084_1000084,11,5,0,0
11101_1001124,14,6,0,0
10893_1000909,12,4,0,0
10755_1000771,12,3,0,0
11174_1001197,4,1,1,11358
10910_1000927,13,4,1,1665
10938_1000957,8,2,2,9276
11432_1001456,21,8,0,0
10067_1000067,12,3,0,0
10381_1000387,18,6,0,0
10527_1000537,11,4,0,0
10805_1000821,14,8,0,0
10774_1000790,19,6,0,0
10356_1000362,12,6,0,0
11349_1001372,8,5,0,0
10384_1000390,25,8,0,0
11038_1001058,4,1,0,0
10854_1000870,4,1,0,0
11445_1001469,7,3,0,0
10853_1000869,9,5,0,0
11223_1001246,15,6,0,0
10762_1000778,8,2,0,0
10790_1000806,11,4,0,0
11259_1001282,5,2,0,0
11179_1001202,6,3,1,1314
11273_1001296,26,8,0,0
11248_1001271,8,2,1,435
11162_1001185,10,3,1,3405
10777_1000793,4,1,1,738
10443_1000451,11,5,0,0
10487_1000495,19,8,0,0
11354_1001377,8,3,0,0
11242_1001265,19,7,0,0
11255_1001278,13,5,0,0
10671_1000687,12,3,0,0
10858_1000874,17,7,0,0
11207_1001230,5,2,1,9234
10322_1000328,5,2,1,942
11079_1001101,6,2,0,0
10753_1000769,9,3,1,519
11323_1001346,11,3,0,0
10407_1000414,8,2,0,0
10479_1000487,12,3,0,0
10314_1000320,4,1,0,0
10596_1000610,35,8,0,0
11466_1001490,18,8,0,0
11381_1001404,14,5,0,0
10216_1000220,13,4,1,1242
11475_1001499,8,2,1,963
10760_1000776,19,8,1,504
10223_1000227,3,1,0,0
11164_1001187,9,3,0,0
10129_1000130,15,6,0,0
11041_1001061,5,2,1,1596
10483_1000491,8,2,0,0
10295_1000301,16,6,0,0
10977_1000996,11,5,0,0
10364_1000370,12,7,0,0
11093_1001116,10,5,1,1191
10648_1000664,9,4,0,0
11472_1001496,5,2,1,446
10934_1000951,14,5,0,0
10909_1000926,18,6,2,640
10655_1000671,11,3,0,0
11061_1001083,10,5,0,0
10975_1000994,14,4,1,325
10764_1000780,16,7,0,0
11387_1001411,10,6,0,0
11114_1001137,12,4,1,909
10955_1000974,12,4,0,0
10692_1000708,10,3,0,0
10275_1000280,30,8,0,0
11298_1001321,22,8,0,0
11314_1001337,8,2,0,0
11367_1001390,13,5,1,236
10834_1000850,8,3,1,3663
10070_1000070,19,7,0,0
11108_1001131,17,5,0,0
10846_1000862,6,3,0,0
10705_1000721,8,2,0,0
11385_1001409,7,3,1,1083
10319_1000325,23,8,0,0
11220_1001243,8,2,0,0
10165_1000168,17,6,0,0
10512_1000522,5,2,0,0
